,Genotype,Sex,cell_num,percent
1,Kbk,F,4708,18.70852374
2,WT,F,6262,24.88376714
3,Kbk,M,7451,29.60858335
4,WT,M,6744,26.79912577
